{
  "observation.state": {
    "mean": [
      -0.23837454617023468,
      -1.1294997930526733,
      -0.8066781759262085,
      -0.3101368844509125,
      0.05493507161736488,
      -0.038353074342012405,
      0.2618542015552521,
      0.21706929802894592,
      -1.0797302722930908,
      -0.7880564332008362,
      -0.3211750090122223,
      -0.01757517270743847,
      0.03588265925645828,
      0.2903492748737335
    ],
    "std": [
      0.4150913953781128,
      1.0045753717422485,
      0.7769781351089478,
      0.6736380457878113,
      0.2709616720676422,
      0.6204684972763062,
      0.9185370206832886,
      0.349385142326355,
      1.0251011848449707,
      0.7946683168411255,
      0.6854996681213379,
      0.24476969242095947,
      0.6156384348869324,
      0.908875048160553
    ],
    "q01": [
      -1.0213439656257632,
      -2.603743697166443,
      -2.453165710642934,
      -1.5654849360704421,
      -0.6469649758100509,
      -2.235310921669006,
      -1.079865574836731,
      -0.1746961812019343,
      -2.6215550050258636,
      -2.455783440700173,
      -1.6451744033813476,
      -1.0237649149894714,
      -1.6505810756683346,
      -1.079865574836731
    ],
    "q99": [
      0.17221172838211007,
      -0.0007758841514586834,
      -0.00011603021621731102,
      1.3516903750896456,
      1.2351985617399217,
      1.6001025575637815,
      0.945247679245472,
      0.9921076018333448,
      -0.0004598819971084467,
      -0.001594460520148111,
      1.291256120681763,
      0.8732143896102906,
      2.2586035972595226,
      0.945247679245472
    ]
  },
  "action": {
    "mean": [
      -0.012990900315344334,
      -0.05272969976067543,
      -0.037746861577034,
      -0.011156076565384865,
      0.0033057485707104206,
      -0.008443142287433147,
      0.1988169550895691,
      0.018380027264356613,
      -0.06721477955579758,
      -0.048065412789583206,
      -0.013798157684504986,
      -0.0020086553413420916,
      0.009645701386034489,
      0.2330874800682068
    ],
    "std": [
      0.16411063075065613,
      0.40568432211875916,
      0.33121204376220703,
      0.2833971381187439,
      0.11052325367927551,
      0.23746922612190247,
      0.9745222330093384,
      0.1442773938179016,
      0.38644763827323914,
      0.32240113615989685,
      0.26454994082450867,
      0.10865343362092972,
      0.2387477159500122,
      0.9637893438339233
    ],
    "q01": [
      -0.5567588890075683,
      -1.7833740758895875,
      -1.4104248312950136,
      -0.9959438839912416,
      -0.3337689101696013,
      -0.8754457178115844,
      -1.1689000129699707,
      -0.4362788734436034,
      -1.7841041248321532,
      -1.41182021317482,
      -0.9833286089897157,
      -0.432200050354004,
      -0.7335405187606812,
      -1.1689000129699707
    ],
    "q99": [
      0.523377122592926,
      1.2510722548961635,
      0.9921255970954892,
      1.0194224935531615,
      0.4191147577762604,
      0.736107903862,
      0.9429775653600694,
      0.5484815292358398,
      1.00155212059021,
      0.8807685099601743,
      0.9177462447166445,
      0.3270543962717056,
      0.8959350147247314,
      0.9429775653600694
    ]
  }
}